"","unaligned","aligned_unmapped","mapped_to_exon","mapped_to_intron","ambiguous_mapping","mapped_to_ERCC","mapped_to_MT","number_of_genes","total_count_per_cell","non_mt_percent","non_ribo_percent","outliers","cell_line","cell_line_demuxlet","demuxlet_cls"
"CELL_000001",101619,5913,254630,64711,6942,0,7566,9284,74261,0.848022515068741,0.895463177783335,"FALSE","H1975","H1975","SNG"
"CELL_000002",95759,10881,234950,86606,5960,0,7864,9255,68421,0.857982198322447,0.899124406377515,"FALSE","HCC827","HCC827","SNG"
"CELL_000003",92448,6336,251846,29568,6869,0,7975,9650,80134,0.839780866942898,0.893578144910008,"FALSE","HCC827","HCC827","SNG"
"CELL_000004",92454,6197,235800,27495,6058,0,4888,9257,74611,0.852179973348142,0.883435299964442,"FALSE","HCC827","HCC827","SNG"
"CELL_000005",74750,6194,218966,29425,5872,0,6211,9125,66161,0.839104608328304,0.898157389072507,"FALSE","H1975","H1975","SNG"
"CELL_000006",69664,6737,178243,62729,4301,0,9663,8304,52576,0.845766128871393,0.910757586967897,"FALSE","HCC827","HCC827","SNG"
"CELL_000007",71031,4705,205003,33545,6145,0,7379,8976,61860,0.827610733781505,0.885531702953168,"FALSE","H1975","H1975","SNG"
"CELL_000008",65417,6865,176749,67261,4262,0,6286,8549,52054,0.860029968713254,0.922080738832609,"FALSE","H2228","H2228","SNG"
"CELL_000009",68752,5930,166145,73059,4459,0,5780,8994,55003,0.841645001028736,0.908695724106735,"FALSE","H1975","H1975","SNG"
"CELL_000010",74259,5722,185778,42614,4580,0,10988,8541,59293,0.840402745544937,0.890897594842967,"FALSE","HCC827","HCC827","SNG"
"CELL_000011",64708,4069,184053,43631,5043,0,5902,8819,55891,0.847524646034688,0.914512011860226,"FALSE","H1975","H1975","SNG"
"CELL_000012",68312,5014,179772,38179,5301,0,5430,8655,55654,0.843587163394619,0.883889588548965,"FALSE","H1975","H1975","SNG"
"CELL_000013",60299,5707,169223,59179,4143,0,5382,8330,49934,0.857491889122143,0.921896719290119,"FALSE","H2228","H2228","SNG"
"CELL_000014",62226,6211,161194,58026,4334,0,8086,8348,49167,0.852156934355939,0.908047896343503,"FALSE","H1975","H1975","SNG"
"CELL_000015",65300,4149,177811,28051,4986,0,4207,8695,56866,0.851492983355345,0.885133316017776,"FALSE","H1975","H1975","SNG"
"CELL_000016",65664,4336,158039,41319,4168,0,6854,7981,50601,0.828125926201434,0.886919055568258,"FALSE","HCC827","HCC827","SNG"
"CELL_000017",61037,5984,138259,56836,3682,0,4114,7848,41528,0.855471007307005,0.897081271170952,"FALSE","HCC827","HCC827","SNG"
"CELL_000018",60244,4939,157098,40986,4180,0,6830,8104,49169,0.844210783045372,0.891984605750655,"FALSE","HCC827","HCC827","SNG"
"CELL_000019",59708,5215,156564,36383,3855,0,4574,7801,44724,0.853009569615193,0.910987185630269,"FALSE","H2228","H2228","SNG"
"CELL_000020",52817,5122,131998,59962,3335,0,2306,7686,39128,0.868585156187747,0.928337525982027,"FALSE","H2228","H2228","SNG"
"CELL_000021",64108,4655,159827,20307,4763,0,5935,7803,50528,0.835813806041044,0.86975521102058,"FALSE","HCC827","HCC827","SNG"
"CELL_000022",52035,3582,157960,33149,3628,0,3239,8182,46911,0.861674234004461,0.929632510576941,"FALSE","H2228","H2228","SNG"
"CELL_000023",55255,3875,160144,23434,4547,0,6277,8456,48947,0.846078411170025,0.91402927369823,"FALSE","H1975","H1975","SNG"
"CELL_000024",55443,3748,136279,41255,3496,0,5030,7979,41017,0.835946070937429,0.900236267831322,"FALSE","H1975","H1975","DBL"
"CELL_000025",53343,3413,147640,29261,4201,0,3794,8440,47009,0.846816566860215,0.905783806125677,"FALSE","H1975","H1975","SNG"
"CELL_000026",51020,4454,121932,53092,3236,0,5518,7497,36576,0.852526246486077,0.913084833474182,"FALSE","H2228","H2228","SNG"
"CELL_000027",56345,3387,153676,14501,4333,0,5660,7612,47739,0.828714468080874,0.880726265584477,"FALSE","HCC827","HCC827","SNG"
"CELL_000028",56152,6440,141098,24693,4062,0,5737,8269,45618,0.830132842117118,0.895282367643832,"FALSE","H1975","H1975","SNG"
"CELL_000029",50461,4461,148150,23339,4542,0,3954,8451,47196,0.837041274506941,0.898804793032292,"FALSE","H1975","H1975","SNG"
"CELL_000030",53114,3829,141013,27123,4220,0,1596,8017,44525,0.84514317780008,0.903559594933275,"FALSE","H1975","H1975","SNG"
"CELL_000031",48989,3155,137779,35355,3720,0,8293,8107,43834,0.843272345475368,0.914312881709887,"FALSE","H1975","H1975","SNG"
"CELL_000032",55776,4207,130014,28734,3780,0,8620,7243,40024,0.833799719959574,0.888891442911392,"FALSE","HCC827","HCC827","SNG"
"CELL_000033",47630,3567,120858,45802,3165,0,3555,7243,36306,0.847793752865148,0.914421606780806,"FALSE","H2228","H2228","SNG"
"CELL_000034",49519,4661,116188,47064,3038,0,5111,7079,34815,0.851242280381662,0.895504553926597,"FALSE","HCC827","HCC827","SNG"
"CELL_000035",52360,3826,144284,15118,4339,0,4367,7898,45177,0.839254487717366,0.883900904464461,"FALSE","H1975","H1975","SNG"
"CELL_000036",48881,2942,145882,15110,4154,0,2254,7871,45197,0.859437573100109,0.902316325792348,"FALSE","H2228","H2228","SNG"
"CELL_000037",44550,4019,121657,31941,2984,0,3290,7559,37372,0.851546612209262,0.907443832964831,"FALSE","H2228","H2228","SNG"
"CELL_000038",21861,1980,61905,13373,1450,0,2582,5322,18915,0.849537403727445,0.900237430485102,"FALSE","HCC827","HCC827","SNG"
"CELL_000039",38700,4007,94117,61348,1936,0,3588,6614,27977,0.883475711876371,0.950566197031062,"FALSE","H1975","H1975","SNG"
"CELL_000040",43977,3566,107657,40148,2982,0,4991,6772,32229,0.843867324197503,0.897824661694542,"FALSE","HCC827","HCC827","SNG"
"CELL_000041",38979,4078,103870,49884,2116,0,4952,6929,30005,0.862489584781707,0.947241810617627,"FALSE","H2228","H2228","SNG"
"CELL_000042",42229,2639,124064,23380,3333,0,2776,7416,38161,0.861481617132286,0.921830947346519,"FALSE","H2228","H2228","SNG"
"CELL_000043",37912,3741,102492,46602,2284,0,3595,6943,30692,0.863482340393757,0.943144486138249,"FALSE","H2228","H2228","SNG"
"CELL_000044",43134,3002,118901,22764,3693,0,4057,7429,38485,0.839755748774911,0.894608056487448,"FALSE","H1975","H1975","SNG"
"CELL_000045",38537,5304,103537,42397,2144,0,6456,7334,31737,0.862589406414409,0.935248783675589,"FALSE","H2228","H2228","SNG"
"CELL_000046",47322,3618,118571,20619,3336,0,6009,7094,37744,0.837166171885024,0.87931833422045,"FALSE","HCC827","HCC827","SNG"
"CELL_000047",42040,3394,109915,32555,2783,0,2678,7316,34082,0.853030925164887,0.904172025065423,"FALSE","HCC827","HCC827","DBL"
"CELL_000048",44301,3429,120122,19636,3273,0,3968,7487,39475,0.842026598900056,0.893172667973992,"FALSE","HCC827","HCC827","SNG"
"CELL_000049",43102,3664,117588,21160,2801,0,6691,7478,37451,0.838829403530258,0.90232546465369,"FALSE","HCC827","HCC827","SNG"
"CELL_000050",40540,2540,121545,18646,2873,0,1196,7148,36897,0.855028863903561,0.898067350172819,"FALSE","H2228","H2228","SNG"
"CELL_000051",36898,4350,92843,48287,1963,0,2962,6731,27517,0.862085256073669,0.928989014431437,"FALSE","H2228","H2228","SNG"
"CELL_000053",42451,3856,98021,36704,2419,0,5236,6442,30321,0.842518386318882,0.88621718076014,"FALSE","HCC827","HCC827","SNG"
"CELL_000054",42561,3591,102342,29085,2714,0,4765,6712,32658,0.841110906717769,0.902443229088361,"FALSE","HCC827","HCC827","SNG"
"CELL_000055",38164,3880,91976,40123,2436,0,3073,6483,27326,0.857571543271034,0.916343073869914,"FALSE","H2228","H2228","SNG"
"CELL_000056",41616,3044,105764,23144,3130,0,2786,6905,33570,0.829341673866744,0.886535333173866,"FALSE","H1975","H1975","SNG"
"CELL_000057",39767,2702,105688,25022,3128,0,4148,7154,34223,0.836893317115129,0.916634743700218,"FALSE","H1975","H1975","SNG"
"CELL_000058",43658,2441,115520,9010,3996,0,3040,7626,39459,0.837730302126833,0.888516969888499,"FALSE","H1975","H1975","SNG"
"CELL_000059",37325,5120,76119,56792,1718,0,1725,6104,24583,0.875523735558913,0.920757873018805,"FALSE","HCC827","HCC827","SNG"
"CELL_000060",40078,2883,103537,24029,2962,0,4952,6734,32298,0.833023716380883,0.894389468577166,"FALSE","HCC827","HCC827","SNG"
"CELL_000061",40022,2527,110736,17020,3097,0,3962,7170,34740,0.860449049838673,0.913615165913884,"FALSE","H1975","H1975","SNG"
"CELL_000062",33874,3729,96336,30438,2635,0,2408,6372,28371,0.855944450017291,0.922138478679469,"FALSE","H2228","H2228","SNG"
"CELL_000063",38542,3904,91037,32839,2596,0,1315,6692,27908,0.855274472962851,0.90511648806203,"FALSE","H1975","H1975","SNG"
"CELL_000064",39047,2510,94315,29487,2568,0,3893,6820,29650,0.84080944322401,0.895244217455576,"FALSE","H1975","H1975","SNG"
"CELL_000065",38664,2980,101348,20346,2640,0,2065,6870,31948,0.84612495278386,0.895673940254808,"FALSE","HCC827","HCC827","SNG"
"CELL_000066",41107,3379,89063,30280,2530,0,6723,6089,28725,0.819878154631896,0.875648085065941,"FALSE","HCC827","HCC827","SNG"
"CELL_000067",40344,3917,95243,25006,2698,0,4931,6352,29340,0.827880026984363,0.895228052069512,"FALSE","HCC827","HCC827","SNG"
"CELL_000068",35372,2342,103310,20301,2627,0,1678,6897,32022,0.863281493703304,0.917056736913142,"FALSE","H2228","H2228","SNG"
"CELL_000069",36972,3610,99364,20627,2630,0,5578,6709,30584,0.84652105648492,0.920971448806092,"FALSE","H2228","H2228","SNG"
"CELL_000070",37007,2322,101015,20452,2505,0,2330,6664,30590,0.848283752583104,0.911637492109352,"FALSE","H1975","H1975","SNG"
"CELL_000071",39877,2852,93437,23137,2303,0,4531,6391,29725,0.833843565741348,0.885113243023299,"FALSE","HCC827","HCC827","SNG"
"CELL_000072",37584,2400,98606,19552,2768,0,5135,6717,30362,0.836637902365905,0.888676342574158,"FALSE","H1975","H1975","SNG"
"CELL_000073",33707,2990,88049,31915,2182,0,3034,6270,27003,0.847535458709204,0.902269783998154,"FALSE","H2228","H2228","SNG"
"CELL_000074",32777,3911,75795,45044,1770,0,2586,6326,23471,0.87486685659969,0.943461742805274,"FALSE","H1975","H1975","SNG"
"CELL_000075",31990,3909,82254,35618,1998,0,3295,6235,24768,0.849402454437418,0.929868810614983,"FALSE","H2228","H2228","SNG"
"CELL_000076",26296,1621,70214,6371,2152,0,1705,5798,22401,0.839962501299066,0.882549492188076,"FALSE","H1975","H1975","SNG"
"CELL_000077",36720,2134,104308,12211,2967,0,3589,7084,33075,0.833076341395895,0.900377656726332,"FALSE","H1975","H1975","SNG"
"CELL_000078",36496,1961,102947,13335,2711,0,1875,7038,33313,0.84153333508194,0.894965660563245,"FALSE","H1975","H1975","SNG"
"CELL_000079",21011,1650,51766,12069,1424,0,2620,4877,16174,0.831519722498133,0.897427415959308,"FALSE","HCC827","HCC827","SNG"
"CELL_000080",34141,2750,88593,23002,2778,0,5714,6853,28223,0.828012613532221,0.910073021977457,"FALSE","H1975","H1975","SNG"
"CELL_000081",32570,3356,82104,32671,1966,0,4142,6579,27186,0.843080997262164,0.917199692047491,"FALSE","H2228","H2228","SNG"
"CELL_000082",36082,3110,92306,14973,2500,0,3383,6474,29921,0.851442130660258,0.890177169821473,"FALSE","HCC827","HCC827","SNG"
"CELL_000083",37675,2517,80814,24614,2150,0,3353,6014,25178,0.85983795342766,0.870720124426037,"FALSE","HCC827","HCC827","SNG"
"CELL_000084",35024,2407,92620,16834,2478,0,3074,6295,29389,0.831705739959949,0.886589919156855,"FALSE","HCC827","HCC827","SNG"
"CELL_000085",35754,2988,86003,20623,2501,0,4605,6172,28675,0.830967741645696,0.877209807424653,"FALSE","HCC827","HCC827","SNG"
"CELL_000086",32906,2796,93950,16492,2573,0,3530,6476,29024,0.849021499156208,0.907731219772871,"FALSE","HCC827","HCC827","SNG"
"CELL_000087",39974,2535,93826,8598,2654,0,3047,6788,31918,0.830659815517683,0.849457719951839,"FALSE","H1975","HCC827","DBL"
"CELL_000088",33822,3587,71112,36344,1847,0,5189,5545,21565,0.853559007255479,0.899837282709352,"FALSE","HCC827","HCC827","SNG"
"CELL_000089",17906,1035,44369,5353,1173,0,1261,4344,13730,0.846394755392283,0.882082387412682,"FALSE","H1975","H1975","SNG"
"CELL_000090",30900,2280,86776,18985,2588,0,2257,6520,26976,0.839561091029226,0.893757082681983,"FALSE","H1975","H1975","SNG"
"CELL_000091",30401,3280,78636,27124,2034,0,2058,6210,24357,0.859301227220388,0.929834983850645,"FALSE","H2228","H2228","SNG"
"CELL_000092",30737,2545,80586,23912,2063,0,3592,6098,24578,0.854748148403146,0.904060174114992,"FALSE","HCC827","HCC827","SNG"
"CELL_000093",33934,3424,84274,16374,2415,0,2220,5991,26437,0.840829140658611,0.880281090789011,"FALSE","HCC827","HCC827","SNG"
"CELL_000094",30073,4190,65590,39765,1756,0,3541,5941,21921,0.840016422225256,0.892978927522044,"FALSE","HCC827","HCC827","SNG"
"CELL_000095",34749,3020,85914,14687,2276,0,1778,6421,28613,0.841645405640218,0.88204631389707,"FALSE","HCC827","HCC827","SNG"
"CELL_000096",33473,2026,89359,9301,2479,0,3203,6625,28349,0.84045292573267,0.895445731614614,"FALSE","H1975","H1975","SNG"
"CELL_000097",28455,3741,65228,40121,1513,0,4525,5773,20233,0.853753768173897,0.939010063258013,"FALSE","H2228","H2228","SNG"
"CELL_000098",36647,1980,89364,9522,2483,0,3017,6289,29697,0.827019563987265,0.869616166745406,"FALSE","HCC827","HCC827","SNG"
"CELL_000099",28226,2118,87324,16777,2095,0,1946,6276,27023,0.867594271225403,0.925211514187354,"FALSE","H2228","H2228","SNG"
"CELL_000100",31630,2869,79454,18862,2249,0,2582,5989,24376,0.842344929093229,0.877912340863004,"FALSE","HCC827","HCC827","SNG"
"CELL_000101",27444,2702,78366,23922,1809,0,2176,5853,23198,0.851021639429683,0.915854420271394,"FALSE","H2228","H2228","SNG"
"CELL_000102",32796,2341,84614,12397,2413,0,3046,5812,26724,0.832547522514389,0.876440324636909,"FALSE","HCC827","HCC827","SNG"
"CELL_000103",30241,2825,70895,27875,1683,0,1779,6020,22323,0.864220758471433,0.918379734632561,"FALSE","H2228","H2228","SNG"
"CELL_000104",32563,2272,83398,12722,2378,0,2490,6192,27805,0.831217406642252,0.876280929228222,"FALSE","HCC827","HCC827","SNG"
"CELL_000105",32768,2529,80965,14746,2022,0,1804,5754,25276,0.841430605775664,0.88332770876416,"FALSE","HCC827","HCC827","SNG"
"CELL_000106",28101,3278,65954,34357,1670,0,2563,5678,21047,0.850715065876032,0.910485622423328,"FALSE","H2228","H2228","SNG"
"CELL_000108",30109,2750,72530,23755,2066,0,3025,5638,22360,0.836359570287853,0.893783142315232,"FALSE","HCC827","HCC827","SNG"
"CELL_000109",28333,2877,77532,19133,2056,0,3405,6016,23905,0.850658857623652,0.907215684076267,"FALSE","H2228","H2228","SNG"
"CELL_000110",29520,1657,83297,11260,2513,0,1918,6078,25492,0.834300956835752,0.893848700043661,"FALSE","H1975","H1975","SNG"
"CELL_000111",29815,2363,81711,13506,2198,0,4251,6007,26496,0.83261624364711,0.906740297878813,"FALSE","HCC827","HCC827","SNG"
"CELL_000112",29722,2535,74230,19366,2034,0,4314,5632,22951,0.838917693852591,0.895821142511811,"FALSE","HCC827","HCC827","SNG"
"CELL_000113",30074,2547,73320,19007,2010,0,2737,5792,23508,0.844733707314644,0.887144424389814,"FALSE","HCC827","HCC827","SNG"
"CELL_000114",26452,3584,72493,24665,1864,0,2980,5556,21623,0.853720574918503,0.924663125069082,"FALSE","H2228","H2228","SNG"
"CELL_000115",26633,4146,56099,41041,1399,0,2558,5289,17412,0.873822650543405,0.919939742740786,"FALSE","HCC827","HCC827","SNG"
"CELL_000116",28764,2041,72664,20958,2047,0,2771,5696,21796,0.854927509242555,0.906358549110594,"FALSE","H1975","H1975","SNG"
"CELL_000117",28887,1775,83526,7745,2574,0,2929,6210,26464,0.834945586141571,0.90107281549546,"FALSE","H1975","H1975","SNG"
"CELL_000118",25866,2803,65061,29205,1849,0,2488,5471,19705,0.848870844532418,0.924840941466155,"FALSE","H2228","H2228","SNG"
"CELL_000119",31917,2250,72564,15982,2089,0,4213,5497,23137,0.829061675744884,0.858365017778875,"FALSE","HCC827","HCC827","SNG"
"CELL_000120",27750,1951,72276,21101,1933,0,3285,5657,21688,0.849917004403395,0.898929869545431,"FALSE","H1975","H1975","SNG"
"CELL_000121",27180,1932,81971,11222,2217,0,1895,6156,26291,0.844205241016239,0.922786914614539,"FALSE","H2228","H2228","SNG"
"CELL_000122",27707,2421,67717,25599,1786,0,2584,5598,19788,0.842076005234447,0.901909792849306,"FALSE","H1975","H1975","SNG"
"CELL_000123",25525,2610,65150,27521,1607,0,1938,5790,20141,0.855071743778823,0.92537563905683,"FALSE","H2228","H2228","SNG"
"CELL_000124",27698,1995,71395,19402,2053,0,3586,5803,22811,0.831879356086152,0.909779970286278,"FALSE","H1975","H1975","SNG"
"CELL_000125",27265,2284,59887,30609,1505,0,1847,5340,19058,0.848567530250516,0.904449100404502,"FALSE","H2228","H2228","SNG"
"CELL_000126",24904,2093,75141,15935,1834,0,1475,5980,22830,0.864038545394639,0.919403889880031,"FALSE","H2228","H2228","SNG"
"CELL_000127",29372,1491,75194,10316,2454,0,3968,5769,24085,0.819389661274906,0.869005244340775,"FALSE","H1975","H1975","SNG"
"CELL_000128",25017,1792,74585,17502,1966,0,1651,5861,23534,0.851236508519063,0.918967910696052,"FALSE","H2228","H2228","SNG"
"CELL_000129",26341,2093,74805,13551,2151,0,3617,6050,24344,0.837167268798403,0.90601342999777,"FALSE","H1975","H1975","SNG"
"CELL_000130",28232,2196,64582,17989,1752,0,2259,5340,20588,0.843355352222967,0.882601086749035,"FALSE","HCC827","HCC827","SNG"
"CELL_000131",25271,1982,68686,15693,1975,0,1569,5630,20807,0.849810159633868,0.903012974954114,"FALSE","H2228","H2228","SNG"
"CELL_000132",22697,2039,70244,18005,1670,0,2496,5575,21096,0.861585134214266,0.933873277458628,"FALSE","H2228","H2228","SNG"
"CELL_000133",26565,2307,69879,13130,2089,0,3091,5465,21134,0.84844326637246,0.888804349009014,"FALSE","HCC827","HCC827","SNG"
"CELL_000134",25135,2555,64394,17605,1646,0,3173,5202,19180,0.844421271718237,0.889936970835782,"FALSE","HCC827","HCC827","SNG"
"CELL_000135",25817,2883,67279,16870,1793,0,2360,5467,20150,0.856178659624725,0.905061585577377,"FALSE","HCC827","HCC827","SNG"
"CELL_000136",27465,1762,72711,7792,2088,0,1253,5713,23500,0.854851063466021,0.879701753318403,"FALSE","H1975","H1975","SNG"
"CELL_000137",28769,1775,73452,5752,1842,0,1843,5775,24686,0.838288908353606,0.859920254427508,"FALSE","HCC827","HCC827","SNG"
"CELL_000138",27275,2134,68658,10980,1710,0,1153,5842,23166,0.84097384061082,0.887938837978573,"FALSE","H2228","H2228","SNG"
"CELL_000139",27262,1626,63786,14308,1930,0,2333,5539,19997,0.839825973476108,0.880931699289044,"FALSE","H1975","H1975","SNG"
"CELL_000140",23752,2448,61372,21303,1511,0,2032,5432,19203,0.849294380644017,0.911211315309423,"FALSE","H2228","H2228","SNG"
"CELL_000141",26728,1912,62628,14434,1736,0,1291,5447,19774,0.839132193365464,0.887933201207039,"FALSE","H1975","H1975","SNG"
"CELL_000142",28415,1948,62568,12260,1718,0,2180,5372,20952,0.828321878184268,0.869892673781656,"FALSE","H1975","H1975","SNG"
"CELL_000143",25390,1996,62989,13860,1791,0,2739,5376,20946,0.833428816559998,0.894394684238191,"FALSE","HCC827","HCC827","SNG"
"CELL_000145",24268,2314,64406,14964,1784,0,3281,5635,20397,0.843849585309678,0.90150468132339,"FALSE","H1975","H1975","SNG"
"CELL_000146",23729,1662,63503,14315,1856,0,3711,5671,20684,0.829723457343974,0.894797478825431,"FALSE","H1975","H1975","SNG"
"CELL_000147",23385,1692,61051,16319,1707,0,2039,5398,18625,0.84842952974581,0.89143576298751,"FALSE","H1975","H1975","SNG"
"CELL_000148",24713,2252,64144,12345,1875,0,1526,5738,20780,0.840567853300978,0.904956253630292,"FALSE","H1975","H1975","SNG"
"CELL_000149",23778,1429,67493,9742,2100,0,2402,5325,20673,0.832535190425901,0.891403815893283,"FALSE","H1975","H1975","SNG"
"CELL_000150",22740,2247,63898,13868,1604,0,1488,5322,19868,0.855194281832497,0.914334148211119,"FALSE","H2228","H2228","SNG"
"CELL_000151",23151,1662,64347,12960,1741,0,2395,5326,19622,0.866476403594702,0.90158959250352,"FALSE","H1975","H1975","SNG"
"CELL_000152",24288,1668,70498,6143,1994,0,2543,6191,26762,0.844555713009283,0.904640570719464,"FALSE","H1975","H1975","SNG"
"CELL_000153",23799,1935,57654,17562,1490,0,3318,5170,18101,0.835920666904635,0.901993866640591,"FALSE","HCC827","HCC827","SNG"
"CELL_000154",26549,1668,65936,5826,1946,0,1409,5125,22249,0.851004539147375,0.869162268343625,"FALSE","HCC827","HCC827","SNG"
"CELL_000155",20619,2375,44660,21908,1112,0,3064,4307,13553,0.853611745846963,0.896479822563401,"FALSE","HCC827","HCC827","SNG"
"CELL_000156",22669,1648,64661,9740,1697,0,1876,5499,20076,0.845287905536318,0.908298013400073,"FALSE","H2228","H2228","SNG"
"CELL_000157",20154,1743,59240,18664,1346,0,1223,5128,17535,0.878300541272711,0.940917627078627,"FALSE","H2228","H2228","SNG"
"CELL_000158",21066,2488,47795,26978,1178,0,1081,5200,15629,0.879902744334313,0.930001324460091,"FALSE","H1975","H1975","SNG"
"CELL_000159",22174,2181,58438,15586,1779,0,2389,5282,17758,0.83973420382941,0.898749353108823,"FALSE","H1975","H1975","SNG"
"CELL_000160",20238,2902,47253,26055,1270,0,3669,4905,14713,0.853530890468612,0.917759180480405,"FALSE","H1975","H1975","SNG"
"CELL_000161",21804,1915,59843,12586,1279,0,2974,5247,18055,0.857546385567684,0.911215225026184,"FALSE","HCC827","HCC827","SNG"
"CELL_000162",23316,1831,61219,9916,1582,0,3278,5113,19961,0.830118731110606,0.875556898172988,"FALSE","HCC827","HCC827","SNG"
"CELL_000163",20198,2043,53940,18360,1359,0,1357,4946,16593,0.860302536696015,0.914481459361502,"FALSE","H2228","H2228","SNG"
"CELL_000164",21552,1789,58527,14112,1701,0,1408,5531,18943,0.846275668665852,0.899698622341434,"FALSE","H1975","H1975","SNG"
"CELL_000165",20625,1669,61940,9800,1616,0,1342,5486,19191,0.851284455811951,0.926996546820621,"FALSE","H2228","H2228","SNG"
"CELL_000166",19790,2111,41592,29696,1047,0,852,4637,13419,0.855503390077127,0.912213345097738,"FALSE","HCC827","HCC827","SNG"
"CELL_000167",18249,3261,39459,30953,952,0,1799,4462,11830,0.846407437999656,0.940658545512641,"FALSE","H2228","H2228","SNG"
"CELL_000168",20549,2530,49177,21671,1186,0,2336,5021,14877,0.881024399488456,0.926395828193972,"FALSE","H1975","H1975","DBL"
"CELL_000169",19866,1672,52472,19040,1431,0,1647,4895,15965,0.853930472374613,0.925398731350622,"FALSE","H2228","H2228","SNG"
"CELL_000170",19858,2543,44977,24274,947,0,2307,5215,14600,0.879931506246622,0.932533607853693,"FALSE","H1975","H2228","DBL"
"CELL_000171",21234,2387,54683,12970,1648,0,1626,5186,17255,0.844914517041487,0.896261433635796,"FALSE","H1975","H1975","SNG"
"CELL_000172",18597,1781,49028,17158,1178,0,2422,4355,14710,0.846295036814211,0.906117670892134,"FALSE","H2228","H2228","SNG"
"CELL_000173",17602,2075,43380,26275,961,0,2189,4287,13088,0.874083128916501,0.928406992354071,"FALSE","H1975","H1975","SNG"
"CELL_000174",17831,3549,37324,28827,902,0,1557,4288,11428,0.8835316758107,0.941546253459701,"FALSE","H2228","H2228","SNG"
"CELL_000175",19778,1660,53894,12628,1639,0,2023,5004,16625,0.836210525812806,0.906225018812019,"FALSE","H1975","H1975","SNG"
"CELL_000176",17503,1399,56367,10658,1572,0,2333,5104,18049,0.852678818298699,0.924316624568328,"FALSE","H2228","H2228","SNG"
"CELL_000177",17495,2476,41898,24972,846,0,3567,4618,12480,0.89407051210411,0.937499248798679,"FALSE","H1975","H1975","DBL"
"CELL_000178",22189,1388,53083,9249,1479,0,2263,4709,17364,0.83477309327645,0.881881546946817,"FALSE","HCC827","HCC827","SNG"
"CELL_000179",17859,2025,40739,23993,936,0,1812,4498,12498,0.863898223024565,0.909904856853211,"FALSE","HCC827","HCC827","DBL"
"CELL_000180",18303,1926,49381,16411,1141,0,2521,4920,15737,0.852068373354471,0.926605498757388,"FALSE","H2228","H2228","SNG"
"CELL_000182",20147,1578,53656,11148,1367,0,1034,5009,16413,0.8503625169985,0.900992566262983,"FALSE","H2228","H2228","SNG"
"CELL_000183",20090,1648,44653,17937,1234,0,1656,4639,14482,0.859549785347639,0.912925760995884,"FALSE","H2228","H2228","SNG"
"CELL_000184",19557,1343,55135,6935,1569,0,1882,5172,17785,0.840764688872216,0.897047569835496,"FALSE","H2228","H2228","SNG"
"CELL_000185",18799,1850,45889,15322,1092,0,1285,4389,13884,0.85285220336153,0.898155504065468,"FALSE","H2228","H2228","SNG"
"CELL_000186",17379,1738,40754,23100,923,0,1288,4390,12638,0.87553410280461,0.931871394309705,"FALSE","H2228","H2228","SNG"
"CELL_000187",19205,1599,43763,16520,1334,0,2409,4525,13679,0.84150888161305,0.897360262182716,"FALSE","H1975","H1975","SNG"
"CELL_000188",19736,1457,51563,7013,1603,0,1126,4753,16551,0.834451090064376,0.880127557170227,"FALSE","HCC827","HCC827","SNG"
"CELL_000189",17785,1388,49966,9959,1219,0,681,4849,15535,0.865593819848346,0.925200563115183,"FALSE","H2228","H2228","SNG"
"CELL_000190",17361,1171,47617,13508,1300,0,2706,4920,15304,0.83233141607924,0.914074154420966,"FALSE","H1975","H1975","SNG"
"CELL_000191",21056,986,50119,4901,1455,0,999,4762,17017,0.843274372190589,0.884938070789169,"FALSE","H1975","H1975","SNG"
"CELL_000192",19174,1120,47232,9155,1339,0,1542,4711,14937,0.839526008676758,0.877150112371887,"FALSE","H1975","H1975","SNG"
"CELL_000193",17901,1830,43574,12964,1272,0,1145,4311,12855,0.839595487483784,0.885880291030501,"FALSE","HCC827","HCC827","SNG"
"CELL_000194",19464,1488,49487,5895,1403,0,1600,5018,17004,0.827628792738398,0.888496301754704,"FALSE","HCC827","HCC827","SNG"
"CELL_000195",18426,1376,49432,9604,1412,0,1723,4831,14717,0.850241217061737,0.906570016599839,"FALSE","H1975","H1975","SNG"
"CELL_000196",17278,1333,50074,5464,1284,0,1503,4735,15940,0.851066498838729,0.919886499443852,"FALSE","H2228","H2228","SNG"
"CELL_000197",17563,2003,41423,14887,1094,0,2061,4746,13262,0.874830341671821,0.918789836533075,"FALSE","H1975","H2228","DBL"
"CELL_000198",18193,1380,48572,6828,1217,0,1410,4701,15476,0.835487205456522,0.898875097651139,"FALSE","H2228","H2228","SNG"
"CELL_000199",17589,1237,46063,8821,1340,0,1422,4609,14471,0.836777001702179,0.881486503015339,"FALSE","H1975","H1975","SNG"
"CELL_000200",17921,1001,50114,4999,1311,0,1205,4969,16194,0.826849449903143,0.87902872728867,"FALSE","H1975","H1975","SNG"
"CELL_000201",16078,1075,50549,6314,1269,0,1505,4807,15933,0.861419694432047,0.931838993385431,"FALSE","H2228","H2228","SNG"
"CELL_000203",16752,1830,41310,14947,1048,0,890,4834,13156,0.864168439598534,0.910762457614429,"FALSE","H1975","H1975","DBL"
"CELL_000205",17479,1904,41262,12592,1094,0,1908,4590,13173,0.872542320752644,0.904425032699436,"FALSE","H1975","H1975","DBL"
"CELL_000206",15765,1580,39746,13618,1139,0,1404,4442,12611,0.835778288132758,0.901196652766115,"FALSE","H1975","H1975","SNG"
"CELL_000207",17140,1401,41695,11186,1250,0,1437,4433,13482,0.831701527346313,0.883399433763957,"FALSE","HCC827","HCC827","SNG"
"CELL_000208",13726,1650,34329,21430,676,0,1239,3977,10220,0.854109588205372,0.924363087707351,"FALSE","H2228","H2228","SNG"
"CELL_000210",15410,1963,36810,16862,940,0,2878,4366,11331,0.887035565363132,0.930720209407634,"FALSE","H1975","H1975","DBL"
"CELL_000211",17373,1461,42688,9088,1275,0,1209,4231,14166,0.84279260140986,0.877875986251598,"FALSE","HCC827","HCC827","SNG"
"CELL_000213",16434,1235,40473,10878,1123,0,1580,4415,12639,0.843658516620256,0.907033066672152,"FALSE","H1975","H1975","SNG"
"CELL_000214",17209,1103,46155,4273,1476,0,1090,4637,14885,0.838696673941084,0.880483116907547,"FALSE","H1975","H1975","SNG"
"CELL_000216",16203,1496,40638,9407,1176,0,1191,4201,12835,0.857187377594712,0.894740245625052,"FALSE","H2228","H2228","SNG"
"CELL_000217",15158,1395,33825,17470,905,0,812,4108,10914,0.866868241829881,0.914146129607724,"FALSE","H2228","H2228","SNG"
"CELL_000218",13924,1861,32210,21187,758,0,2466,3993,9701,0.8887743522433,0.934644949340326,"FALSE","H1975","H2228","DBL"
"CELL_000219",14305,1294,45098,7276,1212,0,2588,4562,14145,0.83937787144618,0.92612164996702,"FALSE","H2228","H2228","SNG"
"CELL_000220",15371,1683,36401,15377,829,0,1343,4418,11537,0.86538961526793,0.914968436362628,"FALSE","H1975","HCC827","DBL"
"CELL_000221",16040,1023,45785,4204,1295,0,1323,4591,14938,0.839804524809342,0.894697486479123,"FALSE","H1975","H1975","SNG"
"CELL_000222",16020,1079,43638,6349,1186,0,2431,4472,13607,0.821268464157222,0.901814579396943,"FALSE","H1975","H1975","SNG"
"CELL_000225",14439,1715,31850,18519,741,0,988,4178,10599,0.872629492525116,0.943389995858104,"FALSE","H1975","H1975","SNG"
"CELL_000227",16857,999,41545,4740,1275,0,2925,4501,14391,0.819470501827899,0.887290051219477,"FALSE","H1975","H1975","SNG"
"CELL_000228",13402,1539,30890,18496,784,0,995,3939,9502,0.86718585469671,0.918226775177041,"FALSE","H1975","H2228","DBL"
"CELL_000229",15743,777,40538,5220,1199,0,1692,4283,13074,0.841517515036318,0.885650232790093,"FALSE","H1975","H1975","SNG"
"CELL_000230",13274,1526,29398,18784,686,0,1037,3968,9583,0.877700093000417,0.929770500082959,"FALSE","H1975","H1975","SNG"
"CELL_000231",15478,1039,36689,9628,1082,0,1077,4075,11341,0.849395996076716,0.886693513187979,"FALSE","H1975","H1975","DBL"
"CELL_000233",15004,917,40856,3858,1422,0,1118,4277,13058,0.835962627633663,0.881910796514936,"FALSE","H1975","H1975","SNG"
"CELL_000237",15675,1146,35615,7289,907,0,612,4059,12103,0.870858464123888,0.889530786143282,"FALSE","H1975","H1975","SNG"
"CELL_000238",15555,1113,39211,5602,1075,0,813,4517,13519,0.855314741581985,0.890597758267802,"FALSE","H1975","H1975","SNG"
"CELL_000246",13325,1080,38610,6055,988,0,619,4151,12420,0.849194846337202,0.914653047783375,"FALSE","H2228","H2228","SNG"
"CELL_000249",13311,969,36887,5491,1120,0,1408,4297,12120,0.864851484434941,0.916995943072654,"FALSE","H1975","H1975","SNG"
"CELL_000302",9483,547,27901,3293,719,0,1278,3194,8557,0.851583497894609,0.905690188512109,"FALSE","HCC827","HCC827","SNG"
